Gender,Married,Dependents,Education,Self_Employed,ApplicantIncome,CoapplicantIncome,LoanAmount,Loan_Amount_Term,Credit_History,Property_Area
1,0,0,0,0,-0.35213572167189633,-0.5544873301529852,-1.1481874976370325,360.0,1.0,2
1,1,1,0,0,-0.3421423809336005,-0.5544873301529852,-0.6003663129770761,360.0,1.0,1
1,1,2,0,0,-0.3380467494834793,0.030355101337316795,0.04272812118895959,360.0,0.0,0
1,1,1,1,0,-0.4505947017328109,-0.04146765340710626,-0.39791065777665746,180.0,0.0,0
1,1,0,0,0,-0.456000935246971,0.2058078307844074,0.04272812118895959,360.0,1.0,1
1,1,2,1,1,-0.5780507524605839,0.08678726577936348,-0.5884571567888162,360.0,1.0,1
1,1,0,0,0,-0.3937473372051281,0.6138294803562965,-1.076732560507473,180.0,1.0,1
1,1,0,0,0,-0.49482752139412034,0.1767367157688076,-1.052914248130953,360.0,1.0,0
0,0,0,0,1,0.3338006335944089,-0.5544873301529852,0.5667309934723961,360.0,1.0,0
1,1,0,0,0,-0.13441195378345122,1.3693364576440608,1.2931895209562512,360.0,1.0,1
1,0,1,0,0,5.294101795465245,-0.5544873301529852,0.06654643356547943,360.0,1.0,1
1,1,0,0,0,1.35099166054652,-0.5544873301529852,0.0,360.0,1.0,2
0,0,1,0,0,-0.41406166919772946,-0.0209468663372711,-0.6718212501066356,360.0,1.0,2
1,0,0,0,0,-0.2708783937014909,1.0700749795422981,0.3523661820837175,360.0,1.0,2
1,1,2,0,0,-0.4620624697931504,0.2424032343922801,-0.2550007835175384,360.0,1.0,0
1,1,0,0,0,0.09772843680942066,0.21504218496583322,1.4122810828388506,360.0,1.0,1
1,0,0,0,0,-0.2027270863714735,1.9114272494055395,0.4476394315897969,360.0,1.0,2
1,0,0,1,0,0.31610750572988516,-0.5544873301529852,-0.31454656445883805,360.0,1.0,0
1,1,3,0,0,-0.17536826828466362,0.06489842623820598,0.1618196830715588,360.0,0.0,2
1,1,2,1,0,-0.18274040489488186,0.5615014733282169,-0.15972753401145906,180.0,1.0,2
1,1,3,0,0,-0.22992207920027855,2.096114333034056,1.7100099875453485,360.0,1.0,1
1,1,0,1,1,-0.11606352488690806,-0.5544873301529852,-0.6003663129770761,342.0,1.0,2
1,1,2,0,0,-0.5502004585997595,-0.0007680923852665297,-0.5408205320357765,360.0,1.0,0
1,1,1,0,1,0.753029468828819,-0.5544873301529852,0.10227390213025919,360.0,1.0,0
1,1,1,1,0,-0.3118347082027033,-0.18408712354246062,-0.1359092216349392,360.0,1.0,2
1,1,0,0,0,0.02695592535132563,0.17810476824012994,0.3404570258954576,360.0,1.0,0
1,1,1,0,0,0.11132593322382317,0.8990684206270051,2.186376235075745,360.0,1.0,2
1,1,2,0,1,0.056116821276188854,-0.5544873301529852,-0.028726815940599934,84.0,1.0,0
1,1,0,0,0,-0.2965989592082523,0.9045406305122945,-0.17163669019971897,180.0,0.0,0
1,1,3,0,0,-0.36638851911831827,0.8135651411693586,0.4000028068367572,300.0,0.0,1
0,0,0,0,0,-0.4756599662075529,-0.5544873301529852,-0.9457318424366138,360.0,1.0,2
0,0,0,0,0,-0.3945664634951524,-0.5544873301529852,-1.0290959357544334,360.0,1.0,2
0,0,0,0,0,-0.25515116893302536,-0.5544873301529852,-0.42172897015317734,360.0,1.0,1
1,0,0,0,0,-0.2982372117883008,-0.5544873301529852,-0.6003663129770761,360.0,1.0,2
1,1,1,1,0,-0.011543010279814025,-0.1676704938865925,0.47145774396631673,360.0,1.0,2
1,1,2,0,0,0.08707979503910543,-0.5544873301529852,-0.15972753401145906,360.0,1.0,1
0,0,0,0,0,-0.2027270863714735,-0.5544873301529852,-0.3621831892118777,360.0,0.0,1
1,1,2,0,0,-0.16439197599833869,-0.5544873301529852,-0.2311824711410186,360.0,0.0,1
1,0,0,0,0,0.09772843680942066,-0.5544873301529852,-0.07636344069363962,360.0,1.0,0
1,0,0,0,0,-0.5713339168823851,1.1771250854232715,-0.9457318424366138,360.0,1.0,0
1,1,1,0,1,-0.7213978532148273,0.4790763119310456,-0.4336381263414372,360.0,1.0,2
1,1,2,0,0,-0.20256326111346865,-0.059594348652127316,0.13800137069503896,360.0,1.0,0
1,0,0,0,0,-0.20813331988563355,-0.5544873301529852,-0.2907282520823182,360.0,1.0,1
1,1,1,0,0,-0.5552790415979099,0.44590103950147875,-0.39791065777665746,360.0,1.0,2
1,0,0,1,0,-0.36278436344221154,0.33406274997087715,-0.31454656445883805,342.0,1.0,0
1,1,3,1,0,-0.3781839376946674,-0.5544873301529852,-0.39791065777665746,360.0,1.0,0
1,1,2,0,0,-0.06609682119542894,0.6996747729317736,1.0669155533793129,360.0,1.0,1
1,1,1,0,0,-0.13441195378345122,-0.03873154846446157,-0.21927331495275867,360.0,1.0,0
0,0,0,0,1,-0.3178962427488828,-0.5544873301529852,-0.2907282520823182,360.0,1.0,2
1,1,0,0,0,0.052840316116091864,1.0170629462785572,1.328916989521031,360.0,1.0,1
0,0,0,0,0,0.47993276373473476,-0.5544873301529852,1.5909184256627493,360.0,1.0,1
1,0,2,0,0,-0.3041349210764754,-0.5544873301529852,-0.7909128119892349,360.0,0.0,0
1,1,1,0,0,1.5038406262650446,-0.5544873301529852,0.4595485877780568,180.0,1.0,0
1,1,2,0,1,0.0022183113925933404,0.8805997122641535,1.4360993952153702,360.0,1.0,2
1,1,0,0,0,-0.08903235731610788,-0.2706164423535989,-0.2550007835175384,360.0,1.0,1
1,1,1,1,0,-0.019406622664046805,-0.06540857165524729,0.17372883925981872,360.0,0.0,1
1,0,0,0,0,1.571991933595062,-0.5544873301529852,1.1383704905088723,360.0,0.0,1
1,1,0,0,1,0.06791223985253803,0.18426100436108048,0.4476394315897969,360.0,1.0,1
1,1,2,0,0,0.21240611741281537,0.04403562605054023,0.9954606162497532,300.0,1.0,1
0,1,0,0,0,-0.13441195378345122,-0.5544873301529852,-0.7432761872361952,360.0,1.0,0
1,1,0,0,0,-0.2667827622513697,-0.5544873301529852,-0.4336381263414372,360.0,1.0,1
1,1,0,1,0,-0.40734483361953067,-0.3711682989957912,-0.9576409986248737,360.0,1.0,0
1,1,0,1,0,-0.4920424920080379,0.7451625176032415,0.0,180.0,1.0,2
1,1,0,0,0,-0.2746463746356025,0.052585953996304884,-0.1835458463879789,360.0,1.0,1
1,1,0,0,0,0.06840371562655258,-0.5544873301529852,-0.028726815940599934,360.0,1.0,2
1,0,0,0,0,-0.2027270863714735,-0.5544873301529852,-0.5765480006005563,360.0,0.0,1
1,1,2,0,0,-0.27628462721565095,-0.5544873301529852,-0.31454656445883805,360.0,1.0,1
0,0,0,0,0,-0.14030966307162582,-0.5544873301529852,-0.37409234540013764,360.0,1.0,1
1,1,2,0,0,-0.06609682119542894,-0.5544873301529852,-0.8861860614953142,360.0,0.0,1
0,0,1,0,0,-0.3051178726245045,-0.5544873301529852,-0.4098198139649174,360.0,1.0,1
1,0,0,1,0,0.2260036138272179,-0.5544873301529852,-0.19545500257623882,360.0,1.0,1
1,1,0,1,0,-0.45927744040706797,0.09909973802126458,-0.3621831892118777,360.0,0.0,1
1,1,0,0,0,-0.5359476611533376,-0.010344459684522937,-0.6003663129770761,360.0,1.0,1
1,1,0,0,0,-0.588863219488904,0.08439317395454939,-0.6718212501066356,360.0,1.0,2
1,1,1,0,0,-0.4347036517063405,0.07550083289095415,-0.37409234540013764,360.0,1.0,1
1,1,0,0,0,-0.2764484524736558,-0.5544873301529852,-1.2434607471431118,180.0,1.0,0
1,1,1,0,0,0.04022577124971845,-0.5544873301529852,-1.219642434766592,360.0,1.0,2
0,1,2,0,0,-0.6594719056889942,0.088839344486347,0.24518377638937824,360.0,1.0,2
1,1,3,0,0,0.38278438573785895,-0.5544873301529852,-0.21927331495275867,180.0,1.0,2
0,0,0,1,0,-0.5226778152549447,-0.5544873301529852,-0.9576409986248737,360.0,1.0,0
1,0,0,1,1,0.06496338520845074,-0.5544873301529852,-0.17163669019971897,360.0,1.0,1
1,1,2,0,1,1.9817189038651908,-0.5544873301529852,3.02001716825394,360.0,1.0,0
0,0,0,0,0,-0.49564664768414457,-0.5544873301529852,-1.195824122390072,360.0,1.0,0
1,1,2,0,0,-0.002041145315532749,-0.5544873301529852,-0.19545500257623882,360.0,1.0,2
1,1,0,0,0,-0.31232618397671785,0.11722643326628564,-0.3621831892118777,360.0,1.0,0
1,1,0,0,0,-0.512520649258644,0.152453784402836,0.0,360.0,1.0,2
1,1,0,1,1,-0.4578030130850243,0.6251159132447058,0.2213654640128584,180.0,0.0,0
0,1,0,0,0,-0.28447589011589347,-0.055490191238160284,-0.028726815940599934,360.0,1.0,1
1,1,3,1,0,-0.10623400940661709,-0.5544873301529852,-0.612275469165336,342.0,0.0,1
1,1,0,1,0,-0.5870611416508507,0.05053387528932137,-0.612275469165336,360.0,1.0,0
0,1,0,1,1,0.2848168814509589,-0.5544873301529852,-0.10018175307015946,360.0,1.0,0
1,1,2,0,1,0.09772843680942066,-0.5544873301529852,0.6977317115432552,240.0,1.0,1
1,1,0,0,0,0.11083445744980862,0.32414436955379017,0.42382111921327703,360.0,1.0,0
0,0,0,0,0,-0.36769912118235704,-0.5544873301529852,-0.5527296882240365,360.0,1.0,1
0,0,0,0,0,-0.40734483361953067,-0.5544873301529852,-0.7432761872361952,360.0,1.0,1
1,1,0,1,1,-0.10951051456671408,-0.5544873301529852,-0.10018175307015946,360.0,1.0,2
1,1,2,0,0,0.7043733672013787,-0.5544873301529852,-0.4098198139649174,360.0,1.0,2
1,1,0,0,0,0.06971431769059137,-0.5544873301529852,-0.10018175307015946,360.0,1.0,0
1,1,1,0,0,0.24107553756366404,-0.5544873301529852,0.6381859306019556,360.0,1.0,1
1,0,0,0,0,-0.22992207920027855,0.30054546442347974,-0.07636344069363962,360.0,1.0,0
1,0,0,0,0,2.429453333992445,-0.5544873301529852,3.9727496633147332,360.0,1.0,0
1,0,0,1,0,-0.2572808972870884,-0.5544873301529852,-0.4336381263414372,360.0,1.0,0
1,1,2,0,0,-0.34853156599578966,-0.3889529811229816,-0.1359092216349392,360.0,1.0,1
1,0,0,0,0,-0.2954521824022184,-0.5544873301529852,-0.7909128119892349,360.0,1.0,2
1,1,0,0,0,1.8493480953972723,-0.5544873301529852,-0.4336381263414372,360.0,1.0,1
0,0,3,0,0,-0.3801498407907256,-0.5544873301529852,1.2931895209562512,360.0,1.0,0
1,1,2,0,0,0.18619407613203942,-0.5544873301529852,0.6977317115432552,360.0,1.0,1
1,1,0,0,0,-0.5613405761440893,-0.213500251675891,-1.1481874976370325,360.0,1.0,1
1,1,1,0,0,0.437174371395469,-0.4724041818736446,1.2693712085797315,360.0,1.0,2
0,0,0,0,0,-0.18077450179882365,-0.5544873301529852,-0.1240000654466793,360.0,0.0,1
1,1,0,1,0,-0.6119625808675878,0.7759436982079941,0.6500950867902155,360.0,0.0,1
1,1,1,0,0,0.10837707857973587,0.13090695797950908,1.2336437400149516,360.0,1.0,1
1,0,0,0,0,-0.5903376468109477,-0.13962541822448443,-1.1839149662018122,360.0,1.0,2
1,0,0,0,1,0.8211807761588364,-0.5544873301529852,0.4833669001545767,360.0,0.0,2
1,1,0,0,0,1.5038406262650446,-0.5544873301529852,3.4487467910312968,360.0,1.0,1
1,1,1,0,0,-0.025140506694216542,-0.3191823050855421,0.1618196830715588,360.0,1.0,0
1,1,0,0,0,0.08511389194304723,0.14800761387103836,0.7691866486728147,360.0,1.0,0
0,0,0,0,0,0.29431874641524014,-0.5544873301529852,-0.31454656445883805,360.0,1.0,0
1,1,1,1,0,-0.13916288626559187,-0.13415320833919506,0.13800137069503896,360.0,1.0,2
1,1,3,0,0,12.38462278717314,-0.5544873301529852,2.543650920723543,360.0,0.0,0
0,0,0,1,0,-0.17258323889858118,-0.5544873301529852,0.09036474594199927,360.0,1.0,0
0,0,0,0,0,-0.35492075105797877,-0.5544873301529852,-1.3863706214022309,360.0,1.0,2
1,1,1,0,1,-0.3174047669748682,-0.1406514575779762,-0.19545500257623882,360.0,1.0,0
1,0,0,1,0,-0.2459769544847538,0.015306524152771011,-0.44554728252969716,360.0,1.0,0
1,1,1,0,0,-0.4286421171601611,0.10115181672824809,-0.004908503564080093,360.0,0.0,0
1,1,2,1,1,0.16047351062527804,-0.21247421232239924,0.4833669001545767,360.0,1.0,0
0,1,0,0,0,-0.3665523443763231,-0.5544873301529852,-1.3149156842726715,360.0,1.0,1
1,0,0,0,1,0.10591969970966313,0.9274555094069438,-0.31454656445883805,180.0,1.0,2
1,1,1,1,0,-0.45927744040706797,0.30054546442347974,-0.6718212501066356,360.0,1.0,1
1,1,1,0,0,0.30251000931548266,0.015648537270601597,-0.4336381263414372,342.0,0.0,2
1,0,0,0,0,-0.2143586796898178,0.6244318870090446,0.05463727737721951,360.0,1.0,0
1,1,0,0,0,9.490977255033481,-0.5544873301529852,4.091841225197332,180.0,1.0,2
1,1,0,0,0,-0.4920424920080379,-0.5544873301529852,-0.8504585929305345,360.0,1.0,2
1,1,0,0,0,-0.5439750987955752,0.5228539910133606,-0.21927331495275867,360.0,1.0,1
1,0,0,0,0,-0.014328039665896469,-0.5544873301529852,-0.1240000654466793,360.0,1.0,2
1,1,1,0,1,-0.49286161829806213,-0.5544873301529852,0.0,360.0,1.0,1
1,1,2,1,0,-0.28316528805185465,-0.4717201556379834,-0.4574564387179571,360.0,1.0,1
0,0,1,0,0,1.2874274604406384,-0.5544873301529852,-1.2672790595196317,360.0,1.0,2
0,0,0,0,0,-0.2027270863714735,-0.5544873301529852,-1.219642434766592,360.0,1.0,1
0,0,0,0,0,-0.44830114812074306,0.0012839863217169861,-0.7432761872361952,360.0,1.0,2
0,0,0,0,0,0.09772843680942066,-0.5544873301529852,0.11418305831851912,360.0,1.0,2
0,1,0,0,0,-0.40537893052347246,0.24342927374577186,-0.08827259688189953,360.0,1.0,1
1,1,0,0,0,-0.717302221764706,1.3265848179152375,0.8287324296141143,360.0,1.0,0
1,0,0,0,0,-0.4756599662075529,-0.5544873301529852,-1.088641716695733,360.0,1.0,1
1,0,0,0,0,-0.4976125507802028,0.3111478710762279,-0.1240000654466793,360.0,1.0,1
1,1,3,0,0,5.667623383716302,-0.5544873301529852,5.401848405905923,180.0,0.0,1
1,1,0,1,0,-0.4111128145536422,0.4004132948300108,0.10227390213025919,360.0,1.0,0
1,1,0,0,0,-0.355739877348003,0.11243824961665744,-0.4574564387179571,360.0,1.0,0
1,0,0,0,1,0.23239279888940703,-0.5544873301529852,-0.0644542845053797,360.0,1.0,0
1,0,2,0,0,-0.17192793786656177,-0.5544873301529852,-0.1240000654466793,360.0,1.0,0
1,1,0,0,1,-0.5439750987955752,0.8419522299492973,0.1618196830715588,360.0,1.0,1
0,0,1,1,1,-0.25171083851492354,-0.5544873301529852,-1.0052776233779135,360.0,1.0,1
1,1,0,0,0,0.6028017072383719,-0.5544873301529852,0.9716423038732334,360.0,1.0,1
1,0,0,0,0,-0.3994812212352979,1.3953294545991854,0.10227390213025919,60.0,1.0,2
1,1,2,0,0,-0.4415843125425442,-0.1553580216446914,-0.5884571567888162,360.0,1.0,1
0,0,1,0,1,0.33543888617445744,-0.5544873301529852,0.0,360.0,1.0,1
1,1,2,0,0,1.8450886386891463,-0.5544873301529852,1.5313726447214497,360.0,1.0,2
1,1,0,0,0,-0.17913624921877516,-0.5544873301529852,-0.19545500257623882,360.0,1.0,1
1,0,0,1,0,0.10510057341963888,-0.5544873301529852,-0.37409234540013764,360.0,0.0,0
1,0,0,0,0,-0.04578248920282759,-0.5544873301529852,-0.26690993970579835,342.0,0.0,0
1,0,0,0,0,-0.5816549081366906,0.41682992448587897,-0.3860015015883976,360.0,1.0,0
1,0,0,0,0,0.6163992036527745,-0.5544873301529852,1.1621888028853922,360.0,1.0,2
1,0,0,0,0,-0.11852090375698081,0.15929404675944772,0.0,360.0,1.0,1
0,1,0,0,0,-0.45190530379684973,0.6220377951842305,-0.31454656445883805,360.0,0.0,2
1,1,1,0,0,0.09035630019920242,1.3693364576440608,2.0077388922518464,360.0,1.0,2
1,1,1,0,1,1.845252463947151,0.21504218496583322,-0.7194578748596754,360.0,1.0,1
0,0,3,0,0,-0.8170718038896595,13.696173250494041,2.4245593588409435,180.0,1.0,2
0,1,0,1,0,-0.3909623078190457,-0.32773263303130673,-0.5289113758475166,360.0,1.0,1
1,0,0,0,1,0.25336243191402774,-0.5544873301529852,0.3404570258954576,180.0,1.0,1
1,1,0,0,0,0.4800965889927396,-0.5544873301529852,0.1618196830715588,360.0,1.0,1
1,1,0,0,0,-0.5089164935825374,-0.03394336481483337,-0.5050930634709968,360.0,1.0,2
1,1,2,0,0,-0.05921616035922526,0.15792599428812537,0.4595485877780568,360.0,1.0,0
1,1,0,1,0,-0.483195928075776,0.24342927374577186,0.41191196302501715,360.0,0.0,2
1,0,2,0,0,-0.2974180854982766,-0.5544873301529852,-0.4336381263414372,360.0,0.0,0
1,1,2,0,0,-0.1290057202692912,-0.5544873301529852,-0.14781837782319915,360.0,1.0,2
1,0,0,0,0,-0.10705313569664134,-0.5544873301529852,-0.624184625353596,360.0,1.0,1
1,0,3,1,0,-0.11409762179084987,0.12714481368337263,0.018909808812439748,360.0,1.0,1
1,0,0,0,0,-0.36638851911831827,-0.5544873301529852,-0.8623677491187944,360.0,1.0,2
0,0,0,0,0,-0.4920424920080379,0.08268310836539645,-0.5050930634709968,360.0,0.0,2
1,1,0,0,0,-0.39128995833505537,0.1938373716603369,0.07845558975373935,360.0,1.0,0
1,0,0,1,0,-0.2712060442175006,0.015990550388432185,-0.4336381263414372,360.0,1.0,1
1,1,0,0,0,-0.1806106765408188,-0.5544873301529852,-0.3383648768353579,360.0,1.0,2
1,1,0,1,0,0.10313467032358069,-0.5544873301529852,0.1618196830715588,360.0,1.0,2
1,0,0,0,0,-0.3118347082027033,-0.5544873301529852,-0.779003655800975,300.0,1.0,1
0,0,0,1,0,-0.3282172340031883,-0.5544873301529852,-0.612275469165336,360.0,1.0,0
1,1,1,0,0,-0.4130787176497004,0.07584284600878473,-0.2788190958940583,480.0,1.0,1
1,1,0,0,0,0.4091602522766397,0.07242271483047887,0.4000028068367572,360.0,1.0,0
1,1,3,1,1,0.2779362206147552,-0.5544873301529852,-0.2550007835175384,60.0,1.0,2
1,1,0,0,0,-0.49482752139412034,0.5857844046941885,0.30472955733067786,360.0,1.0,1
1,1,2,0,0,-0.3609822856041582,-0.31507814767157505,-0.9100043738718341,360.0,1.0,2
0,0,0,1,0,-0.1630813739342999,-0.5544873301529852,-0.31454656445883805,360.0,1.0,1
0,0,0,0,0,-0.35377397425194484,-0.5544873301529852,-0.7909128119892349,360.0,1.0,2
1,1,0,1,0,-0.3272342824551592,0.956184611304713,-0.2788190958940583,360.0,1.0,1
1,1,0,0,0,0.35624469394107333,-0.2090540811440934,0.3404570258954576,342.0,1.0,1
1,1,0,0,0,-0.12753129294724755,0.4226441474889989,-0.42172897015317734,12.0,1.0,2
1,1,3,1,0,-0.07740076399776356,-0.5544873301529852,-0.21927331495275867,360.0,1.0,1
1,0,0,0,1,-0.03890182836662391,-0.5544873301529852,-0.21927331495275867,360.0,1.0,1
1,1,0,1,0,-0.5903376468109477,0.44897915756195406,-0.6360937815418559,360.0,0.0,2
1,1,0,0,0,-0.45927744040706797,0.6425585822540657,-0.37409234540013764,342.0,1.0,2
1,0,0,0,1,0.9168547268336686,-0.5544873301529852,-0.7551853434244551,360.0,1.0,2
1,1,0,0,0,-0.10705313569664134,0.24342927374577186,-0.19545500257623882,360.0,1.0,2
1,1,3,1,0,-0.23123268126431734,-0.5544873301529852,0.0,180.0,1.0,2
1,1,1,1,0,-0.47697056827159173,0.25779382469465645,0.0,360.0,1.0,0
1,1,1,0,0,0.010573399550840669,-0.2015297925518205,-1.4340072461552706,360.0,1.0,1
0,0,0,0,0,-0.31019645562265485,-0.5544873301529852,-0.8385494367422746,360.0,0.0,2
1,1,3,1,0,-0.4024300758793852,0.01462249791710984,-0.9100043738718341,180.0,0.0,2
0,0,0,0,0,-0.474513189401519,-0.5544873301529852,-1.076732560507473,360.0,1.0,0
1,0,0,0,0,-0.5552790415979099,0.10525597414221513,-0.8623677491187944,360.0,1.0,2
1,1,2,0,0,0.35706382023109756,-0.5544873301529852,0.4833669001545767,360.0,1.0,2
1,1,2,1,0,-0.29528835714421353,-0.010686472802353523,0.0,360.0,1.0,0
1,1,0,0,0,-0.37687333563062864,-0.10987027697322346,-0.7909128119892349,360.0,1.0,2
1,1,1,0,0,-0.32543220461710587,0.04403562605054023,0.47145774396631673,360.0,1.0,2
1,1,0,0,0,-0.2959436581762329,0.18323496500758873,-0.32645572064709794,360.0,0.0,0
1,0,0,0,0,0.07299082285068836,-0.5544873301529852,0.0,360.0,1.0,2
1,1,0,0,0,-0.2777590545376946,0.32414436955379017,0.31663871351893774,360.0,1.0,2
0,0,0,0,0,0.753029468828819,-0.5544873301529852,0.8049141172375945,360.0,1.0,1
0,0,0,0,0,-0.3796583650167111,-0.5544873301529852,-0.31454656445883805,360.0,1.0,1
1,1,3,0,0,0.6717721408584136,-0.5544873301529852,1.5313726447214497,360.0,1.0,0
0,0,0,0,0,-0.3265789814231398,-0.5544873301529852,-0.6956395624831555,342.0,1.0,2
1,1,0,0,0,0.056116821276188854,-0.5544873301529852,1.2931895209562512,360.0,1.0,2
1,1,0,0,0,-0.5857505395868119,-0.09960988343830587,-0.5527296882240365,342.0,0.0,2
1,1,0,0,0,1.5202231520655296,0.16374021729124533,1.8767381741809874,360.0,1.0,0
1,1,0,0,0,-0.13162692439736878,-0.5544873301529852,-0.8742769053070543,180.0,1.0,1
1,1,2,0,0,-0.6724141010713773,-0.18306108418896885,-1.5411896518496098,120.0,1.0,2
0,1,2,0,0,-0.5524940122118274,0.003678078146531088,-0.39791065777665746,480.0,1.0,1
1,1,3,0,0,7.594863718885352,-0.5544873301529852,6.592764024731916,300.0,1.0,2
1,1,1,0,0,-0.07510721038569566,-0.5544873301529852,0.0,360.0,0.0,0
0,0,0,1,0,-0.439618409446486,-0.5544873301529852,-0.7909128119892349,342.0,0.0,2
1,1,1,0,0,-0.2708783937014909,-0.5544873301529852,-0.3621831892118777,360.0,1.0,1
1,1,2,0,0,0.06807606511054287,1.1555782589999446,-0.31454656445883805,360.0,1.0,0
1,1,1,0,0,0.8758984123324562,-0.5544873301529852,1.9720114236870667,360.0,1.0,2
1,0,1,1,0,-0.29610748343423776,-0.5544873301529852,-0.5527296882240365,240.0,1.0,2
1,1,1,1,0,-0.5644532560461814,0.27865662488232223,-0.1835458463879789,360.0,1.0,0
1,1,0,0,0,0.8894959087468587,-0.5544873301529852,1.043097241002793,360.0,1.0,1
1,1,0,0,0,0.04989146147200457,1.3693364576440608,0.4833669001545767,360.0,1.0,1
1,1,2,0,0,0.42537895281911986,-0.5544873301529852,0.6381859306019556,360.0,1.0,1
1,1,0,0,0,-0.521367213190906,-0.5544873301529852,-1.0290959357544334,360.0,0.0,2
1,1,0,0,0,0.01384990471093766,-0.5544873301529852,-0.2550007835175384,360.0,1.0,0
1,0,0,0,1,2.4184770417061197,-0.5544873301529852,5.99730621531892,480.0,1.0,2
1,1,2,0,0,0.9851698594216909,-0.16938055947574543,0.9359148353084537,360.0,1.0,2
1,1,0,0,1,-0.4630454213411795,0.7280618617117122,0.06654643356547943,360.0,1.0,0
0,1,0,0,1,0.015815807806995857,-0.5544873301529852,-0.49318390728273687,360.0,0.0,0
1,0,0,0,0,-0.07428808409567142,-0.5544873301529852,-0.2550007835175384,360.0,1.0,2
0,0,0,0,0,-0.4324100980942726,-0.055490191238160284,-0.4336381263414372,360.0,1.0,2
1,1,0,1,0,-0.08460907534997694,-0.5544873301529852,-0.15972753401145906,360.0,1.0,0
1,1,0,0,0,2.3470492292160055,1.2465537483428806,5.044573720258126,360.0,1.0,0
0,1,2,0,0,1.550203174280417,-0.5544873301529852,-0.9100043738718341,360.0,1.0,2
1,0,1,0,0,-0.16701318012641628,0.058742190117255434,-0.3502740330236178,360.0,1.0,2
1,1,3,1,0,-0.30823055252659665,-0.5544873301529852,-0.779003655800975,180.0,1.0,0
1,1,0,0,0,-0.5030187842943628,0.27215837564354106,-0.1240000654466793,360.0,1.0,2
0,0,0,0,0,-0.49564664768414457,-0.5544873301529852,-1.6364629013556893,360.0,1.0,2
1,0,0,1,0,-0.5575725952099777,-0.5544873301529852,0.0,360.0,1.0,2
1,1,0,1,0,-0.3000392896263542,0.8525546366020454,0.06654643356547943,342.0,0.0,0
1,1,0,0,0,-0.4484649733787479,0.9161690765185344,-0.3026374082705781,360.0,1.0,0
1,0,0,0,0,1.2241909108507665,-0.5544873301529852,3.079562949195239,360.0,1.0,1
1,0,0,0,0,-0.11802942798296626,0.10046779049258692,0.4595485877780568,360.0,1.0,1
1,0,0,0,0,0.0022183113925933404,-0.5544873301529852,0.25709293257763816,360.0,1.0,2
1,1,2,1,0,0.3708251419035049,-0.5544873301529852,0.4595485877780568,360.0,1.0,0
1,1,0,1,0,0.11345566157788621,-0.5544873301529852,0.8525507419906342,360.0,0.0,0
0,0,0,1,0,-0.5728083442044287,0.25437369351635064,-0.31454656445883805,342.0,1.0,2
1,0,0,0,0,-0.47140050949942686,0.05532205893894957,-0.016817659752340015,360.0,1.0,0
1,1,0,0,0,0.6429388954495601,-0.5544873301529852,0.49527605634283656,180.0,1.0,0
1,1,1,0,1,0.3904841728640869,-0.5544873301529852,1.1145521781323524,360.0,1.0,2
1,1,0,0,0,-0.3883411036909681,-0.055490191238160284,-0.612275469165336,360.0,1.0,2
1,1,0,1,0,-0.5161248049347508,0.14082533839659606,-0.4336381263414372,360.0,1.0,0
1,1,0,0,0,-0.47844499559363535,0.2889170184172398,-0.6718212501066356,180.0,0.0,0
1,1,1,0,0,0.09772843680942066,-0.5544873301529852,0.1618196830715588,360.0,1.0,0
1,0,0,0,0,0.1440909848247931,0.9558425981868824,0.745368336296295,360.0,0.0,0
1,1,0,0,0,-0.23106885600631247,0.5652636176243533,0.7215500239197751,360.0,1.0,1
1,0,0,1,0,-0.6489870891766838,-0.5544873301529852,-1.3268248404609313,360.0,1.0,2
1,1,0,1,0,-0.19912293069536682,-0.5544873301529852,-0.37409234540013764,180.0,1.0,1
0,0,1,0,0,-0.2869332689859662,-0.5544873301529852,-0.612275469165336,360.0,1.0,1
1,0,1,1,0,-0.44633524502468486,-0.10918625073756229,-0.624184625353596,360.0,1.0,1
1,0,0,0,0,0.06742076407852347,0.6993327598139429,1.960102267498807,360.0,1.0,0
0,1,1,0,0,-0.34034030309554714,-0.24222935357366024,-0.49318390728273687,84.0,1.0,1
1,1,1,0,1,-0.5284116992851144,-0.5544873301529852,-0.9576409986248737,300.0,0.0,0
1,1,1,0,1,0.7256706507420091,0.07242271483047887,0.42382111921327703,180.0,1.0,2
0,1,1,0,1,2.306748215746812,-0.5544873301529852,5.401848405905923,360.0,1.0,1
1,0,0,1,0,-0.46746870330731044,0.14390345645707134,-0.2430916273292785,360.0,1.0,0
1,1,2,0,0,-0.38178809337077413,2.2178710029817448,0.6381859306019556,360.0,1.0,2
1,1,2,1,0,-0.5644532560461814,-0.05651623059165205,-1.0290959357544334,300.0,1.0,2
1,1,2,0,1,-0.4756599662075529,1.0187730118677103,0.3523661820837175,360.0,1.0,0
1,0,0,0,0,-0.4399460599624957,-0.5544873301529852,-0.9100043738718341,360.0,1.0,1
1,1,2,0,1,-0.6231026984119176,6.285775026458735,1.1026430219440926,360.0,1.0,2
1,1,2,1,0,-0.5587193720160116,0.0012839863217169861,-0.39791065777665746,180.0,1.0,1
1,1,2,1,0,-0.5069505904864792,-0.12526086727559982,-0.2550007835175384,360.0,0.0,0
1,1,2,0,0,-0.3473847891897557,0.14150936463225725,0.018909808812439748,360.0,1.0,2
1,0,0,0,0,0.22583978856921302,-0.5544873301529852,0.0,360.0,1.0,2
1,1,1,0,0,-0.5932865014550349,0.20888594884488268,-0.469365594906217,360.0,1.0,0
1,1,2,0,0,0.47993276373473476,-0.5544873301529852,1.186007115261912,360.0,1.0,1
1,0,0,0,0,-0.421106155291938,-0.5544873301529852,-0.8980952176835741,360.0,1.0,2
0,1,0,0,0,0.7607292559550469,-0.5544873301529852,0.0,240.0,1.0,1
1,1,0,0,0,-0.24188132303463256,-0.2808768358885165,-0.4098198139649174,360.0,1.0,1
0,0,2,0,0,-0.2708783937014909,0.15792599428812537,-0.31454656445883805,360.0,1.0,1
1,1,1,0,0,1.2184570268205968,3.196712546212882,2.4126502026526837,360.0,1.0,1
1,1,0,0,0,-0.3596716835401194,0.4941248891155914,0.30472955733067786,360.0,1.0,2
1,0,0,0,0,-0.5696956643023365,0.07857895095142942,-1.1481874976370325,360.0,1.0,1
0,0,2,0,0,-0.32379395203705735,-0.5544873301529852,-0.10018175307015946,360.0,1.0,2
1,1,0,0,0,2.5277484887953547,1.7257141264235314,3.9727496633147332,360.0,1.0,2
1,1,2,0,1,-0.34197855567559565,0.6425585822540657,-0.6956395624831555,360.0,1.0,2
1,1,0,1,0,-0.39210908462507965,0.5180658073637324,0.0,360.0,0.0,2
1,1,0,0,0,-0.35344632373593515,-0.0698547421870449,-0.10018175307015946,360.0,1.0,1
1,1,2,0,0,-0.414553144971744,0.08576122642587172,-0.17163669019971897,360.0,0.0,1
1,1,2,0,0,-0.22893912765224944,-0.03257531234351103,0.25709293257763816,360.0,1.0,2
1,1,0,0,0,-0.2384409926165307,0.03822140304742027,0.03081896500069967,360.0,0.0,0
1,1,0,1,0,-0.4620624697931504,0.2519796016915365,-0.31454656445883805,360.0,1.0,2
1,0,0,0,0,-0.4791002966256548,-0.5544873301529852,-1.0410050919426932,360.0,1.0,2
1,0,2,0,0,-0.07871136606180236,-0.5544873301529852,0.23327462020111833,360.0,0.0,1
0,0,0,0,0,-0.5885355689728943,0.015306524152771011,-1.1005508728839928,360.0,1.0,2
1,1,2,0,0,-0.08821323102608364,1.3689944445262303,0.733459180108035,360.0,1.0,1
1,1,1,1,0,-0.32838105926119315,0.006414183089175776,-0.42172897015317734,180.0,1.0,2
0,1,0,0,0,-0.36638851911831827,0.22632861785424258,0.09036474594199927,360.0,1.0,1
1,1,3,0,1,-0.02251930256613895,0.052243940878474296,0.4833669001545767,360.0,1.0,1
1,1,1,1,0,-0.44928409966877214,1.8741478195620058,1.5790092694744893,180.0,1.0,1
0,0,0,0,0,-0.3642587907642552,-0.5544873301529852,-0.8980952176835741,360.0,0.0,2
1,1,0,0,0,-0.37949453975870623,0.2013616602526098,-0.1240000654466793,360.0,0.0,1
1,0,0,1,0,-0.4338845254163163,-0.5544873301529852,-0.9695501548131337,300.0,1.0,0
1,1,0,1,0,-0.5030187842943628,-0.03599544352181688,-0.612275469165336,360.0,1.0,2
1,1,2,0,0,-0.2530214405789623,-0.5544873301529852,-0.6003663129770761,360.0,1.0,1
0,0,0,0,0,-0.22992207920027855,0.22359251291159787,-0.028726815940599934,360.0,1.0,1
1,0,0,0,0,-0.2830014627938498,0.916511089636365,0.30472955733067786,360.0,1.0,0
1,0,0,0,1,1.7769373313591288,-0.5544873301529852,0.5429126810958763,360.0,0.0,2
1,0,0,0,0,-0.08329847328593815,-0.5544873301529852,-0.5289113758475166,360.0,1.0,1
1,1,2,0,0,-0.3773648114046432,-0.07566896519016486,-0.39791065777665746,360.0,1.0,2
0,1,2,1,0,-0.8508198070386584,0.4431649345588341,-0.5765480006005563,360.0,1.0,1
1,1,0,0,0,-0.5970544823891465,0.6565811200851197,-0.1835458463879789,360.0,1.0,1
1,0,0,0,1,0.27547884174468246,-0.5544873301529852,-0.7432761872361952,360.0,1.0,1
1,1,0,0,0,-0.5870611416508507,0.03343321939779207,-0.5527296882240365,360.0,1.0,2
1,1,3,0,0,-0.1838871817009158,-0.5544873301529852,-0.5527296882240365,360.0,1.0,2
1,1,3,1,1,-0.3391935262895132,0.18631308306806402,-0.19545500257623882,360.0,1.0,1
0,0,1,0,0,-0.31494738810479544,-0.5544873301529852,0.10227390213025919,36.0,1.0,1
1,1,3,0,0,-0.03873800310861906,0.5286682140164806,0.6381859306019556,360.0,1.0,1
1,1,2,0,1,1.8219892773104625,-0.20768602867277106,0.04272812118895959,360.0,1.0,0
1,0,0,1,0,-0.33509789483939195,-0.5544873301529852,-0.7909128119892349,36.0,1.0,1
1,1,0,0,0,-0.2530214405789623,0.5741559586879486,-0.05254512831711978,180.0,1.0,0
0,0,0,0,0,-0.06609682119542894,0.31456800225453374,0.05463727737721951,480.0,1.0,0
1,0,1,1,1,-0.4315909718042484,-0.027103102458221652,0.5190943687193564,360.0,1.0,1
0,0,0,0,1,-0.45927744040706797,0.032749193162130895,-0.5646388444122964,300.0,1.0,1
0,0,1,0,0,-0.26072122770519024,-0.5544873301529852,-0.4098198139649174,360.0,1.0,0
1,1,0,1,0,-0.5302137771231679,0.2663441526404211,-0.37409234540013764,360.0,1.0,2
1,1,3,0,0,-0.3174047669748682,0.6179336377702636,0.04272812118895959,360.0,1.0,0
1,0,0,0,0,0.09772843680942066,-0.5544873301529852,-0.0644542845053797,360.0,1.0,2
1,0,0,0,0,-0.2708783937014909,-0.5544873301529852,-0.39791065777665746,480.0,1.0,2
0,0,1,1,0,-0.03480619691650267,-0.5544873301529852,-0.17163669019971897,360.0,1.0,1
1,0,0,0,0,-0.3824433944027935,-0.5544873301529852,-0.8980952176835741,480.0,1.0,2
1,1,3,1,0,-0.45157765328084004,-0.01171251215584528,0.31663871351893774,360.0,1.0,0
1,1,0,0,0,-0.3118347082027033,0.015648537270601597,-0.3860015015883976,360.0,1.0,1
1,1,0,1,0,0.369678365097471,-0.5544873301529852,-0.5050930634709968,360.0,0.0,2
1,1,1,1,0,-0.5184183585468186,0.3087537792514138,-0.21927331495275867,360.0,1.0,2
1,1,3,0,0,-0.4484649733787479,0.15792599428812537,-0.612275469165336,360.0,1.0,0
1,1,0,1,1,-0.17356619044661029,-0.302765675429674,-0.7075487186714154,360.0,1.0,1
1,1,2,0,0,-0.13719698316953366,-0.5544873301529852,-0.5527296882240365,360.0,1.0,2
0,0,0,0,0,-0.3665523443763231,0.4664218265713139,-0.17163669019971897,360.0,1.0,0
0,1,0,0,0,-0.13441195378345122,-0.5544873301529852,-0.4098198139649174,360.0,1.0,0
1,1,0,0,0,0.047761733117941525,0.8706813318470665,0.3404570258954576,360.0,1.0,1
1,0,0,0,0,-0.5477430797296867,0.2010196471347792,-0.14781837782319915,360.0,1.0,1
1,1,0,0,0,-0.04709309126686639,-0.05822629618080497,0.2213654640128584,360.0,0.0,2
1,0,0,0,1,0.1632585400113605,-0.5544873301529852,0.6381859306019556,360.0,1.0,0
1,1,3,0,0,-0.3233024762630428,-0.12697093286475275,-0.21927331495275867,360.0,0.0,1
1,1,1,0,1,0.8370718261853068,0.7622631734947707,0.1618196830715588,180.0,0.0,2
1,1,0,0,0,-0.17536826828466362,0.28378682164978103,-0.4336381263414372,360.0,1.0,2
1,1,0,0,1,-0.31855154378090217,-0.5544873301529852,-1.4459164023435305,120.0,1.0,1
1,1,2,0,0,-0.40079182329933666,-0.5544873301529852,-0.779003655800975,360.0,1.0,1
1,1,0,0,0,-0.26006592667317086,-0.2966094393087234,0.1618196830715588,360.0,1.0,2
0,0,1,0,1,0.527605913814146,-0.5544873301529852,0.04272812118895959,360.0,1.0,1
1,0,3,0,1,0.6476898279317007,-0.5544873301529852,1.7338282999218684,360.0,1.0,1
1,1,1,0,0,-0.1835595311849061,0.4715520233387727,0.30472955733067786,84.0,1.0,0
0,1,0,0,0,-0.3255960298751107,0.4086216096579449,-0.39791065777665746,360.0,1.0,1
1,1,3,1,0,-0.254495867901006,-0.21828843532551923,-0.5527296882240365,360.0,1.0,1
1,1,3,0,0,-0.38899640472298747,-0.5544873301529852,-0.5646388444122964,360.0,1.0,2
1,1,2,0,0,0.47993276373473476,0.5286682140164806,0.2213654640128584,360.0,1.0,0
0,0,0,0,0,-0.2037100379195026,-0.5544873301529852,-0.8980952176835741,360.0,1.0,1
1,1,0,0,0,-0.48565330694584874,0.5854423915763578,-0.20736415876449873,360.0,1.0,0
1,1,0,0,0,2.5005534959665496,-0.5544873301529852,0.0,360.0,1.0,0
1,0,0,1,0,-0.3609822856041582,0.21641023743715557,-0.2430916273292785,180.0,0.0,2
1,1,2,1,0,-0.19289757089118253,-0.19879368760917582,-0.4336381263414372,360.0,1.0,2
1,1,3,0,0,-0.21255660185176448,-0.5544873301529852,-1.2672790595196317,180.0,1.0,0
1,1,1,1,0,-0.47402171362750445,0.12372468250506677,-0.07636344069363962,180.0,1.0,2
1,0,0,0,0,-0.4756599662075529,-0.5544873301529852,-0.6003663129770761,480.0,1.0,1
1,1,1,0,0,-0.3282172340031883,0.30054546442347974,0.31663871351893774,360.0,1.0,1
1,1,0,0,0,-0.4620624697931504,0.16887041405870412,-0.31454656445883805,360.0,1.0,2
1,0,0,1,0,-0.28054408392377705,-0.5544873301529852,-0.4336381263414372,360.0,1.0,0
0,0,0,0,0,0.8198701740947977,-0.5544873301529852,1.340826145709291,360.0,1.0,2
1,0,0,0,0,0.08806274658713453,0.8929121845060546,1.781464924674908,360.0,1.0,1
1,1,1,0,0,-0.27628462721565095,0.44590103950147875,0.05463727737721951,360.0,1.0,1
0,1,0,1,0,-0.21353955339979358,-0.5544873301529852,-0.26690993970579835,360.0,1.0,0
1,1,3,1,0,-0.5459410018916334,-0.2966094393087234,-0.624184625353596,480.0,1.0,1
1,1,3,0,0,3.014309505069758,-0.5544873301529852,2.6627424826061423,360.0,1.0,0
1,1,2,0,0,-0.11393379653284502,-0.08011513572196248,0.04272812118895959,360.0,1.0,1
1,0,0,0,0,-0.4863086079778681,-0.5544873301529852,-0.8504585929305345,360.0,1.0,2
1,1,3,1,1,0.04907233518198032,-0.5544873301529852,-0.19545500257623882,360.0,1.0,0
0,0,0,0,0,-0.26891249060543276,0.015306524152771011,-0.1359092216349392,360.0,1.0,0
1,1,2,0,1,0.20142982512649044,-0.5544873301529852,0.0,360.0,0.0,0
1,1,1,0,0,-0.5772316261705597,-0.5544873301529852,-1.0171867795661733,360.0,1.0,0
1,0,0,0,0,-0.25203848903093323,0.006414183089175776,0.0,360.0,1.0,0
0,0,0,1,1,2.0906627004384157,-0.5544873301529852,-0.2550007835175384,360.0,1.0,2
1,1,1,0,1,-0.41094898929563733,-0.5544873301529852,-0.612275469165336,360.0,1.0,1
1,1,0,0,0,-0.4289697676761708,0.1350111153934761,-0.4336381263414372,360.0,1.0,0
1,1,3,0,0,-0.3282172340031883,0.30054546442347974,-0.2788190958940583,360.0,0.0,0
1,0,0,1,0,-0.40570658103948215,0.26805421822957404,-0.42172897015317734,360.0,1.0,1
1,1,0,0,0,-0.278414355569714,0.12953890550818672,-0.31454656445883805,360.0,1.0,0
1,1,1,0,0,-0.2504002364508847,-0.5544873301529852,-0.9457318424366138,360.0,1.0,2
1,0,0,0,0,-0.2708783937014909,-0.5544873301529852,-0.5527296882240365,360.0,1.0,2
1,1,1,1,0,0.1973341936763692,-0.5544873301529852,-0.11209090925841939,180.0,1.0,2
1,1,0,0,0,-0.5362753116693473,1.725372113305701,-0.9100043738718341,180.0,1.0,1
1,0,0,0,0,-0.3391935262895132,-0.5544873301529852,-0.9100043738718341,360.0,1.0,2
1,1,0,0,1,0.6809463553066852,-0.5544873301529852,0.5310035249076164,360.0,1.0,1
1,0,3,0,0,0.6165630289107793,-0.5544873301529852,0.4595485877780568,360.0,1.0,0
1,1,2,1,0,0.11820659406002686,0.0012839863217169861,0.4833669001545767,480.0,1.0,1
1,1,2,1,0,-0.4119319408436664,-0.5544873301529852,-1.2077332785783321,180.0,0.0,2
1,0,2,0,0,0.021058216063151045,1.0351896415235784,0.18563799544807863,360.0,1.0,0
1,1,3,1,0,-0.36540556757028914,-0.5544873301529852,-0.8623677491187944,360.0,1.0,1
0,0,0,0,0,0.753029468828819,0.015306524152771011,0.9359148353084537,360.0,1.0,0
0,0,0,0,0,-0.19224226985916312,-0.5544873301529852,-0.4098198139649174,360.0,1.0,1
1,1,2,0,0,-0.03578914846453177,-0.5544873301529852,0.10227390213025919,360.0,1.0,1
1,1,0,0,0,-0.5226778152549447,-0.169722572593576,0.0,360.0,1.0,2
1,1,1,0,0,-0.23188798229633673,-0.5544873301529852,-1.1481874976370325,240.0,1.0,2
1,0,0,0,0,-0.3678629464403619,0.48967871858379375,-0.6837304062948956,360.0,1.0,0
1,1,0,0,0,-0.4317547970622532,0.11243824961665744,0.10227390213025919,360.0,1.0,0
1,1,0,0,0,1.5524967278924848,-0.5544873301529852,-0.6003663129770761,360.0,1.0,1
1,1,2,1,0,-0.24351957561468104,-0.5544873301529852,-0.26690993970579835,360.0,1.0,1
1,0,0,1,0,0.13311469253846817,-0.5544873301529852,-0.15972753401145906,360.0,1.0,0
0,0,0,0,0,-0.06609682119542894,-0.5544873301529852,-0.5170022196592566,360.0,0.0,1
1,1,0,0,0,-0.717302221764706,0.3939150455912297,-0.4098198139649174,360.0,1.0,0
1,0,0,0,0,-0.3639311402482455,0.4431649345588341,0.17372883925981872,360.0,1.0,2
1,1,0,0,0,0.4144026605327949,-0.5544873301529852,1.5313726447214497,360.0,1.0,2
1,0,0,0,0,-0.4043959789754433,-0.5544873301529852,-0.5765480006005563,360.0,1.0,1
0,1,0,1,0,-0.5693680137863268,0.00778223556049812,-0.5527296882240365,360.0,1.0,1
1,1,0,0,1,1.7556400478184984,-0.5544873301529852,1.352735301897551,360.0,1.0,2
1,1,3,0,0,-0.025140506694216542,-0.5544873301529852,-0.624184625353596,360.0,1.0,2
1,1,1,0,0,-0.3732691799545219,0.32893255320341835,0.280911244954158,360.0,1.0,1
1,1,0,0,0,-0.3814604428547644,0.2718163625257105,-0.08827259688189953,360.0,1.0,0
0,0,0,0,0,-0.5351285348633134,2.5167904679656767,-0.11209090925841939,360.0,0.0,1
1,1,1,0,1,0.5344865746503497,1.1497640359968246,2.7341974197357017,360.0,0.0,0
1,1,2,0,0,0.13868475131063304,1.3792548380611478,0.49527605634283656,180.0,1.0,1
1,0,0,0,0,-0.325268379359101,-0.5544873301529852,-0.2311824711410186,360.0,1.0,1
1,1,2,1,0,-0.33395111803335803,0.10115181672824809,-0.4098198139649174,360.0,0.0,0
0,0,0,0,0,-0.06609682119542894,-0.5544873301529852,-0.17163669019971897,360.0,1.0,0
1,1,3,0,0,0.5482478963227571,1.1542102065286222,-0.19545500257623882,360.0,1.0,0
1,1,1,0,0,0.6773421996305785,-0.5544873301529852,0.4833669001545767,360.0,1.0,2
1,1,1,0,0,-0.3683544222143764,0.05395400646762723,-0.07636344069363962,360.0,1.0,1
1,1,0,1,0,-0.4142254944557343,0.04403562605054023,-0.49318390728273687,360.0,1.0,1
1,0,0,0,0,-0.421106155291938,0.08063102965841293,-0.2430916273292785,360.0,1.0,0
1,1,3,0,0,-0.17389384096261998,-0.4898468508830045,-0.26690993970579835,360.0,1.0,1
1,1,1,0,0,-0.2027270863714735,0.5977548638182589,0.6500950867902155,360.0,1.0,2
1,1,1,0,0,0.1632585400113605,1.925107774118763,0.4000028068367572,360.0,0.0,2
1,1,0,1,0,-0.18077450179882365,0.13432708915781494,0.5667309934723961,360.0,1.0,0
0,0,0,1,1,1.9428923177180415,-0.5544873301529852,0.9359148353084537,360.0,1.0,1
1,1,2,0,0,-0.5082611925505179,-0.21733080276815359,-0.8147311243657547,180.0,1.0,2
1,1,0,1,0,-0.5800166555566422,-0.19845167449134524,-0.5765480006005563,360.0,1.0,1
1,1,2,1,0,-0.1231080109811166,-0.5544873301529852,-0.4336381263414372,360.0,1.0,0
1,0,0,0,0,0.17964106581184544,-0.5544873301529852,-0.49318390728273687,360.0,0.0,0
1,1,0,0,0,-0.1231080109811166,0.6709456710340044,0.0,360.0,1.0,1
1,1,2,0,0,0.5562753339649946,-0.5544873301529852,1.328916989521031,360.0,0.0,2
1,1,1,0,0,0.4745265302205747,-0.5544873301529852,0.06654643356547943,300.0,0.0,1
1,1,2,1,0,-0.3490230417698042,0.06797654429868126,-0.779003655800975,360.0,1.0,2
1,1,1,0,0,-0.4771343935295966,0.14800761387103836,-0.5050930634709968,360.0,1.0,1
1,0,0,0,0,-0.05790555829518646,-0.5544873301529852,-0.3383648768353579,360.0,1.0,1
1,0,0,0,0,-0.4756599662075529,6.285775026458735,-0.5170022196592566,360.0,1.0,1
1,1,1,0,0,-0.38522842378887595,-0.20221381878748168,-0.5527296882240365,360.0,1.0,2
1,1,0,0,0,0.15228224772503557,1.0129587888645903,1.340826145709291,360.0,1.0,1
1,1,2,0,1,0.13868475131063304,-0.10987027697322346,-0.4574564387179571,360.0,1.0,0
1,1,2,1,0,-0.3801498407907256,0.18699710930372518,-0.2430916273292785,360.0,1.0,2
1,1,2,1,0,-0.3352617200973968,0.4233281737246601,-0.028726815940599934,360.0,1.0,2
1,0,0,0,0,-0.09181738670219032,0.7472145963102249,0.05463727737721951,360.0,1.0,1
1,1,2,1,0,-0.19715702759930862,-0.06540857165524729,-0.20736415876449873,360.0,1.0,0
1,1,2,0,1,-0.13441195378345122,0.15792599428812537,0.1618196830715588,360.0,1.0,1
1,0,0,0,0,-0.39702384236522514,0.15792599428812537,-0.31454656445883805,360.0,1.0,0
0,0,0,0,0,-0.2803802586657722,-0.5544873301529852,-0.6360937815418559,360.0,1.0,0
1,1,2,0,1,0.41686003940286764,1.8963786722209939,3.9727496633147332,360.0,1.0,0
1,1,0,0,0,-0.23958776942256466,0.24445531309926363,-0.14781837782319915,360.0,1.0,1
1,0,1,0,1,-0.11655500066092261,-0.5544873301529852,-0.4812747510944769,360.0,1.0,0
1,1,1,1,0,-0.22173081630003605,1.2588662205847816,-0.10018175307015946,360.0,1.0,0
1,1,0,0,0,-0.10574253363260254,-0.5544873301529852,0.13800137069503896,480.0,1.0,1
1,1,0,1,0,-0.15341568371201378,-0.5544873301529852,-0.31454656445883805,360.0,1.0,0
1,1,2,0,1,0.6421197691595358,2.1381819465272183,2.7818340444887415,300.0,1.0,0
1,1,0,1,0,-0.3937473372051281,0.015306524152771011,-0.5527296882240365,480.0,0.0,2
1,1,0,0,0,-0.4006279980413318,0.43735071155571414,-0.1835458463879789,360.0,1.0,1
1,1,0,0,0,0.13966770285866215,-0.5544873301529852,0.1618196830715588,360.0,1.0,2
1,1,1,0,0,4.659606571212462,-0.5544873301529852,1.352735301897551,360.0,1.0,1
1,0,1,0,0,0.957811041334881,-0.5544873301529852,0.590549305848916,360.0,1.0,1
0,0,1,0,0,-0.11147641766277228,-0.5544873301529852,-0.779003655800975,360.0,1.0,1
1,0,0,0,1,0.2889125129010801,-0.5544873301529852,-0.21927331495275867,360.0,1.0,2
0,1,1,0,0,-0.12081445736904871,-0.5544873301529852,-0.1359092216349392,360.0,1.0,2
1,1,0,0,0,-0.3054455231405142,-0.08387728001809892,-1.088641716695733,360.0,1.0,0
1,1,1,0,0,-0.5225139899969399,-0.07635299142582604,-0.7313670310479352,360.0,1.0,2
1,0,0,0,0,-0.39849826968726876,0.40007128171218026,-0.028726815940599934,360.0,1.0,1
1,1,0,0,0,-0.4551818089569467,1.5830946562881771,0.4833669001545767,360.0,1.0,0
1,1,0,0,0,-0.4266762140641029,0.216068224319325,-0.2907282520823182,360.0,1.0,1
0,1,0,0,0,-0.4782811703356305,0.2328268670930237,-0.11209090925841939,360.0,1.0,1
0,1,0,0,0,-0.48827451107392633,-0.3817707056485393,-0.19545500257623882,360.0,1.0,1
